Subject,"Catalog Nbr",Section,A+,A,A-,B+,B,B-,C+,C,C-,D+,D,D-,F,CR,I,NC,W,P,Instructor 1,Instructor 2,Instructor 3,Instructor 4,Instructor 5,Instructor 6
ACCT,2302,5U1,2,5,,1,4,2,5,1,1,,,1,3,,,,,,"Zolton, Kathy","Zhang, Yang",,,,
ACCT,3312,5U1,6,8,7,4,2,4,4,,,1,1,,,,,,,,"Johnson, Jennifer G","Zhou, Junfei",,,,
ACCT,3331,5U1,3,4,2,1,4,1,,,,1,2,1,2,,,,,,"Zhou, Yibin","Gu, Dongdi",,,,
ACCT,3350,5U1,2,4,1,7,3,,4,2,3,4,1,2,2,,,,,,"Gamino, John P",,,,,
ACCT,4334,5U1,,2,,3,4,1,,1,3,,,,,,,,,,"Hes, Christopher","Gu, Dongdi",,,,
ACCT,6193,SW1,,6,,,4,,,,,,,,,,,,1,,"Solcher, Steven J",,,,,
ACCT,6202,0W1,,7,16,15,11,8,1,1,,,,,1,,,,,,"Janakiraman, Surya N","Parupati, Sunil K",,,,
ACCT,6202,CH1,,22,1,,,,,,,,,,,,,,,,"Barden, John P",,,,,
ACCT,6292,SW1,,6,,,5,,,,,,,,,,,,1,,"Linsteadt, Chris C",,,,,
ACCT,6301,5W1,,9,3,3,,,1,,,,,,1,,,,,,"Frost, Sandra M","Zhang, Yang",,,,
ACCT,6305,0W1,,6,11,12,5,2,1,,,,,,1,,,,,,"Janakiraman, Surya N","Parupati, Sunil K",,,,
ACCT,6338,0W1,,11,2,1,6,,,1,,,,,1,,,,1,,"Goodrich, Mary Beth W",,,,,
ACCT,6344,0W1,,8,12,11,8,7,,,,,,,,,,,,,"Gurun, Umit G","Yayvak, Berk",,,,
ACCT,6344,0W2,,4,12,9,9,5,2,,,,,,,,1,,1,,"Gurun, Umit G","Yayvak, Berk",,,,
ACCT,6353,PPA,,4,7,5,5,1,1,,,,,,,,,,,,"Solcher, Steven J",,,,,
ACCT,6365,5U1,,9,4,11,11,7,2,3,,,,,,,,,2,,"Cheng, Samuel",,,,,
ACCT,6367,5U1,,39,3,2,2,,,,,,,,,,,,,,"Gamino, John P","Frost, Sandra M","Zhang, Yang",,,
ACCT,6384,0W1,,28,13,3,7,2,1,1,,,,,1,,,,2,,"Kromer, Jeffrey R","Yayvak, Berk",,,,
ACCT,6392,5U1,,11,9,10,14,3,2,,,,,,,,1,,1,,"Hes, Christopher","Gu, Dongdi",,,,
ACCT,6394,XU1,,22,,,,,,,,,,,,,,,,,"McNulty, Diane S",,,,,
ACN,6395,0W1,,14,,,,,,,,,,,,,,,,,"Hooge, Kimberley D",,,,,
ACN,6V71,013,,,,,,,,,,,,,,,,,,17,"Golden, Richard M",,,,,
ACN,6V81,0U1,,11,3,,,,,,,,,,,,,,,,"McWilliams, Steven P","Perry, Adam",,,,
ACN,6V81,5U1,,13,,,,,,,,,,,,,,,,,"Estevez, Leonardo W",,,,,
AMS,2341,0H1,,1,2,3,4,1,,,,,,,,,,,,,"Naqvi, Syed K",,,,,
AMS,3316,0W1,6,2,,,1,3,1,2,,1,1,,1,,,,,,"Winstead, Elizabeth L",,,,,
AMS,4379,0W1,6,2,,,,1,,2,,,,,,,,,,,"Winstead, Elizabeth L",,,,,
ARTS,1301,0W1,25,2,1,,1,1,,,,,,,,,,,,,"Wilder, James E","Akinwole, Oluwadare   (Dare)",,,,
ARTS,1316,5U1,4,4,,,1,,,,,,,,,,,,1,,"Takaloubighash, Maryam",,,,,
ARTS,3379,591,1,6,2,,,,,,,,,,2,,,,,,"Loving, Emily A","Baigmoradi, Fatemeh",,,,
ATCM,2300,0W1,1,9,4,2,4,1,1,,2,3,2,1,,,,,,,"Martinez Ochoa, Angelica Miriam M","Khatri, Hamida",,,,
ATCM,2301,551,2,,1,1,1,,2,,,2,,,,,,,1,,"Marder, Amanda K",,,,,
ATCM,2321,0W1,3,6,2,,1,,,,1,,,,,,,,,,"Rashid, Mohammed Mizanur","Vo, Angelene H",,,,
ATCM,2330,0W1,,1,,,4,,2,1,1,,1,1,1,,,,,,"Nielsen, Christina R","Welwood, Samantha F",,,,
ATCM,2330,0W2,,1,1,2,,2,1,3,,,,,3,,,,,,"O'Neill, Cynthia M",,,,,
ATCM,2350,0U2,14,,,,,,,,,,,,,,,,,,"Hoggatt, Zoey X",,,,,
ATCM,3301,0W1,1,4,11,1,1,,,,,,,,1,,,,,,"Shukla, Nishanshi A","Whitlock, Kathryn",,,,
ATCM,3301,0W2,,4,7,,,,,1,,,,,4,,,,,,"Chowdhury, Nusrat Zahan",,,,,
ATCM,3306,0W1,4,3,6,3,4,2,,,,1,,,5,,,,,,"Lewis, Timothy M",,,,,
ATCM,3307,0U1,1,1,4,6,,2,1,,,1,,1,1,,,,,,"McCord, Peter A",,,,,
ATCM,3309,0W1,7,9,2,,2,3,,,,,,,3,,,,,,"Fechter, Todd A",,,,,
ATCM,3337,0W1,8,8,1,,,,,,,,,,3,,,,,,"Wood, Harold G",,,,,
ATCM,3338,0W1,4,12,5,1,1,,2,1,,,1,,4,,,,2,,"Griffin, Troy",,,,,
ATCM,3350,0W1,5,3,10,1,5,2,,1,2,,,,,,,,,,"Hewitt, Sharon A","Asgharpour, Hadi",,,,
ATCM,3366,0W1,6,7,6,2,,3,,3,2,,,,1,,,,,,"Irby, Cameron L","Hernandez, Luke A",,,,
ATCM,3367,0W1,,1,6,6,4,,,2,,,,,2,,,,,,"Chandler, Adam W",,,,,
ATCM,3368,0W1,5,4,9,1,3,1,2,,1,,,,3,,,,,,"Chandler, Adam W",,,,,
ATCM,3388,0W1,5,5,2,1,,2,,,,,,,1,,,,,,"Fraley, James M","Rahman, Mohammad K","Ikebude, Chukwuemeka",,,
ATCM,4319,0W1,2,4,1,,,,1,2,,,1,,2,,,,,,"Gardner, Frederick",,,,,
ATCM,4326,0W1,2,4,2,2,3,2,1,1,1,,,,,,,,,,"Heaslip, Audra","Cole, Abby",,,,
ATCM,4330,0W1,2,2,1,1,1,,,1,,,,,3,,,,,,"Nielsen, Christina R","Lee, Yueh-Jung","Rahman, Maruf",,,
ATCM,4338,0U1,,3,3,2,,,1,1,,,,,,,,,,,"Farrar, Eric T",,,,,
ATCM,4350,0W1,3,3,3,1,,2,,,1,,1,,2,,,,,,"Hewitt, Sharon A",,,,,
ATCM,4364,051,8,4,,3,,,1,,,,,,1,,,,,,"Trosper, Elizabeth M","Nair, Vinayak",,,,
ATCM,4384,551,8,12,1,,5,,,2,,,1,,,,1,,,,"Rheams, David C","Ayodabo, Sunday J",,,,
AUD,6216,0U1,,12,3,,,,,,,,,,,,,,,,"Cokely, Carol G","Woodford, Allison S",,,,
AUD,7240,5U1,,6,5,,1,,,,,,,,,,,,,,"Griffiths, Scott K","Zang, Andie L",,,,
AUD,7280,064,,,,,,,,,,,,,,,,,,14,"Fowler, Stephanie L","Mosley, Cornetta",,,,
AUD,7280,0U1,,,,,,,,,,,,,,,,,,14,"Griffiths, Scott K",,,,,
AUD,7310,5U1,,26,,,2,,,,,,,,,,,,,,"Clark, Jackie L","Crow, Sarah E",,,,
AUD,7325,0U1,,15,,,,,,,,,,,,,,,,,"Thibodeau, Linda K","Warner-Czyz, Andrea D",,,,
AUD,8V97,064,,,,,,,,,,,,,,,,,,12,"Cokely, Carol G",,,,,
BA,1320,5U1,,5,2,2,6,3,1,6,,,,,,,,,,,"Lewin, Peter","Hu, Jiawei",,,,
BA,4090,091,,,,,,,,,,,,,,32,,,,,"Henderson, Thomas C",,,,,
BA,4090,092,,,,,,,,,,,,,,20,,,,,"Gamino, John P",,,,,
BA,4090,0U1,,,,,,,,,,,,,,24,,,,,"Henderson, Thomas C",,,,,
BA,4090,0U2,,,,,,,,,,,,,,33,,,,,"Gamino, John P",,,,,
BA,4095,0W1,,,,,,,,,,,,,,115,,,,,"Alborz, Shawn",,,,,
BA,4V90,593,,,,,,,,,,,,,,18,,,,,"Henderson, Thomas C",,,,,
BA,4V90,0U3,,,,,,,,,,,,,,23,,,,,"Henderson, Thomas C",,,,,
BCOM,3300,051,2,2,8,1,3,1,,1,,,,,,,,,,,"Ali, Shazia",,,,,
BCOM,3300,5U1,4,6,3,5,1,4,2,,,,,,,,,,,,"Loyless, Lauren",,,,,
BCOM,4300,5E1,2,2,7,2,2,,,,,,1,,,,,,,,"Moore, Sarah E",,,,,
BCOM,4300,0U1,,4,2,4,,5,3,,1,,,,1,,,,,,"Blockley, Caylin",,,,,
BCOM,4300,0U2,,,2,3,3,3,3,3,,1,,,1,,,,,,"Fry, Jennifer L",,,,,
BCOM,4300,0U4,,3,6,4,3,6,3,7,3,,1,1,1,,,,,,"Harrison, Megan",,,,,
BCOM,4300,5U1,,1,2,,9,,,6,1,,,,,,,,,,"Hornsby, Melanie",,,,,
BIOL,2111,0U1,4,6,4,1,,1,,,,,,,,,,,,,"Sarcar, Subha","Maity, Tuhina","Xia, Jing",,,
BIOL,2111,0U2,1,5,1,1,2,2,,,,,,,,,,,,,"Sarcar, Subha","Xia, Jing","Maity, Tuhina",,,
BIOL,2112,0U1,18,2,,3,4,5,,1,1,1,,1,3,,,,,,"Wu, Zhuoru","Xu, Linyi",,,,
BIOL,2112,0U2,10,5,2,1,2,,1,1,1,2,,,5,,,,,,"Wu, Zhuoru","Xu, Linyi",,,,
BIOL,2281,3U1,2,6,4,1,3,1,1,,,,,,1,,,,,,"Lin, Wen J","Mittal, Shubham","Basu, Ujjaini","Briggs, Alyssa A","Tien, Hsin-Jung","Do, Hung P"
BIOL,2281,3U2,,3,2,4,,,2,1,1,,2,1,,,,,,,"Lin, Wen J","Yaqub, Muneer O","Ratevosyan, Richard","Mittal, Shubham","Liu, Junyu","Easterwood, Shayne"
BIOL,2281,3U3,,2,3,2,,1,4,3,4,1,1,,1,,,,,,"Lin, Wen J","Basu, Ujjaini","Briggs, Alyssa A","Tien, Hsin-Jung","Do, Hung P","Easterwood, Shayne"
BIOL,2311,0U1,5,11,5,2,2,3,,,,,,,,,,,,,"Sarcar, Subha","Maity, Tuhina","Xia, Jing","Salamat, Narges",,
BIOL,2312,0U1,28,7,2,4,6,5,1,2,2,3,,1,8,,,,,,"Wu, Zhuoru","Tiwari, Suman","Xu, Linyi","Alemi, Parinazsadat","Elhawary, Ezzeldin N","Thomas, Nathaniel"
BIOL,3101,0U1,6,5,4,11,3,3,2,2,2,1,1,,,,,,,,"Srikanth, Uma",,,,,
BIOL,3101,0U2,8,8,7,7,4,3,1,1,,1,,,,,,,,,"Srikanth, Uma",,,,,
BIOL,3101,0U3,8,9,5,3,2,3,5,,2,1,1,1,,,,,,,"Srikanth, Uma",,,,,
BIOL,3101,0U4,3,4,8,8,6,4,2,,,1,,,,,,,,,"Srikanth, Uma",,,,,
BIOL,3101,0U5,6,10,3,3,8,3,1,2,1,1,,1,,,1,,,,"Srikanth, Uma",,,,,
BIOL,3101,0U6,5,6,3,4,4,5,1,1,,,,3,,,,,,,"Srikanth, Uma",,,,,
BIOL,3102,0U1,1,2,,,3,3,,,,,,1,,,,,,,"Srikanth, Uma",,,,,
BIOL,3102,0U2,1,3,1,3,2,1,,,,,,,,,,,,,"Srikanth, Uma",,,,,
BIOL,3161,0U1,1,5,9,8,5,2,1,2,3,,,,2,,,,,,"Candas, Mehmet","Boyd, Stefanie D","Zhabilov, Dannie","Akter, Zakia","Hossain, Md Liakat",
BIOL,3161,0U2,,2,5,2,4,3,3,1,2,,,,,,,,,,"Candas, Mehmet","Boyd, Stefanie D","Zhabilov, Dannie","Akter, Zakia","Hossain, Md Liakat",
BIOL,3162,0U1,,2,2,2,2,4,2,2,,,,,,,,,,,"Candas, Mehmet","Boyd, Stefanie D",,,,
BIOL,3203,1U1,1,3,4,2,3,2,,,,,,,,,,,,,"Maynard, Caitlin S","Shipman, Braden M","Bonde, Namrata Dinesh","Wickramasinghe, Piumi B",,
BIOL,3203,1U3,2,5,2,,2,2,,,,,,,,,,,,,"Maynard, Caitlin S","Wickramasinghe, Piumi B","Bonde, Namrata Dinesh","Shipman, Braden M",,
BIOL,3301,0U1,36,42,30,36,27,21,12,6,5,5,2,5,,,1,,,,"Srikanth, Uma","Maity, Subhajit","Patel, Umar J","Kwende, Sharon A","Maiti, Dibyo","Afolami, Olufemi Ifeoluwa"
BIOL,3302,0U1,2,4,1,4,5,4,,,,,,1,,,,,,,"Srikanth, Uma","Gomez, Jessica E","Falah, Rafah M",,,
BIOL,3303,0U1,6,11,6,1,7,7,1,1,8,,1,1,1,,,,,,"Boyd, Stefanie D","Zhi, Jiahe","Zhang, Bei","Upreti, Chahat",,
BIOL,3318,0U1,30,17,6,4,4,3,3,1,1,,,1,1,,,,,,"Henson, Uyen N",,,,,
BIOL,3361,0U1,1,6,11,10,9,5,3,3,5,,,,2,,,,,,"Candas, Mehmet","Boyd, Stefanie D","Zhabilov, Dannie","Akter, Zakia",,
BIOL,3362,0U1,,1,2,2,2,4,2,2,,,,,,,,,,,"Candas, Mehmet","Boyd, Stefanie D","Petter, Andrew T","Soladogun, Adedamola S","Sunder Singh, Jacqulene Preethi",
BIOL,3380,3U1,,,2,,1,2,,3,,1,1,1,3,,,,,,"Rippel, Scott A","Pickett, Elizabeth A","Liu, Yihan","Berisha, Eranda",,
BIOL,3380,3U4,,,2,1,,4,,,,2,1,1,3,,,,,,"Pickett, Elizabeth A","Rippel, Scott A","Liu, Yihan","Berisha, Eranda",,
BIOL,3455,3U1,1,1,3,1,,1,,1,1,1,1,1,3,,,,,,"Ramirez, Ruben D","Deese, Alexander R","Hisam, Fatima",,,
BIOL,3455,3U2,,,,1,1,3,2,2,1,,1,1,6,,,,1,,"Ramirez, Ruben D","Veera, Kavya","Gong, Hanling","Cornelius, Samuel A",,
BIOL,3456,3U1,1,3,3,1,5,3,2,,2,2,,,1,,,,,,"Yu, Wen-Ho","Balaji, Sharan Kumar","Arugonda, Ravali",,,
BIOL,4380,3U1,,5,1,3,2,1,1,,,,,1,1,,,,,,"Maynard, Caitlin S","Konakalla, Anisha Reddy","Shryock, Douglas G","Joshi, Ketki","Dhar, Roopal",
BIOL,5330,0W1,,8,1,,1,,,,,,,,,,,,,,"Hajeri, Vinita",,,,,
BIOL,8V01,018,,,,,,,,,,,,,,,,,,10,"Zhang, Li",,,,,
BIS,2190,0W1,5,2,,3,,1,2,1,,,,,,,,,,,"Dornback, Sarah","Henry, Loreen S","Whistler, Holly K",,,
BIS,3320,0U1,1,5,3,3,,1,1,,1,,,,1,,,,,,"Wright, David A",,,,,
BLAW,2301,5U1,,3,5,2,4,4,2,1,2,,2,,3,,,,,,"Betanzos, Christina L",,,,,
BMEN,3320,051,2,4,,2,,1,1,1,,,,,1,,,,,,"Ali, Tariq M","Chaudhary, Sugandha",,,,
BMEN,4388,0U1,,1,10,8,,,1,,,,,,,,,,,,"Polk, Todd W","Tjahjono, Nathaniel S",,,,
BPS,4305,5U1,,9,21,7,1,1,,,,,,,,,,,,,"Song, You-Xiang",,,,,
BPS,4395,5U1,,38,6,3,,,,1,1,,,,,,,,,,"Henderson, Thomas C",,,,,
BPS,4395,5U2,,15,5,10,10,,5,,,,,,,,,,,,"Segelhorst, Jon P",,,,,
BPS,6310,0W1,,14,12,7,5,,,,,,,,,,,,,,"Xia, Jun","Wang, Jiyu",,,,
BPS,6310,GW1,,4,6,4,3,1,,,,,,,,,,,1,,"Choi, Emily",,,,,
BPS,7303,0U1,,24,,,,,,,,,,,,,,,,,"Watson, John M",,,,,
BUAN,4090,091,,,,,,,,,,,,,,14,,,,,"Owens, Dawn M",,,,,
BUAN,6009,091,,,,,,,,,,,,,,,,,,19,"Shekhar, Gaurav",,,,,
BUAN,6009,0U1,,,,,,,,,,,,,3,,,,,146,"Shekhar, Gaurav",,,,,
BUAN,6009,SU1,,,,,,,,,,,,,1,,,,1,38,"Hefley, William E",,,,,
BUAN,6312,5W1,,6,10,10,1,1,,,,,,,,,,,,,"Chudik, Alexander",,,,,
BUAN,6320,5U1,,25,17,1,5,,,,,,,,3,,1,,,,"Kamalzadeh, Hossein","Sun, Kai",,,,
BUAN,6337,0W1,,9,10,5,2,4,,1,,,,,,,,,1,,"Subramanian, Upender","Park, Yeowoon",,,,
BUAN,6337,5W1,,5,4,3,3,,,,,,,,,,,,,,"Murthi, B P","Alavi, Seyyedeh Soogand",,,,
BUAN,6337,SU1,,25,,,,,1,,,,,,,,,,,,"Allison, Kyle",,,,,
BUAN,6340,5U1,,4,9,2,1,,,,,,,,,,,,,,"Pandian, Thiru","Mallipeddi, Srinaga Mouneeswar",,,,
BUAN,6340,SW1,,12,1,2,,,,,,,,,,,,,,,"Koju, Vijay",,,,,
BUAN,6341,5U1,,2,2,2,2,,,,,,,,,,,,2,,"Sabir, Muhammad F","Liu, Yihong",,,,
BUAN,6341,SW1,,15,,,,,,,,,,,,,,,,,"Zemoodeh, Amir",,,,,
BUAN,6344,0W1,,9,4,6,4,,,1,,,,,,,,,,,"Mehra, Amit","Xie, Si",,,,
BUAN,6346,5U1,,8,7,4,3,,1,,,,,,,,,,,,"El-khodari, Gasan E","Mallipeddi, Srinaga Mouneeswar",,,,
BUAN,6346,SW1,,12,7,3,,,,,,,,,,,,,,,"Perez, Jerry",,,,,
BUAN,6359,5U1,,10,1,,1,5,3,3,,,,,3,,,,,,"Ramezani, Rasoul","Wang, Zihan",,,,
BUAN,6390,5U1,,10,,,,,,,,,,,,,,,,,"Aria, Reza","Kumar, Sahejbir Singh",,,,
BUAN,6398,0W1,,6,2,3,2,5,2,3,,,,,1,,,,1,,"Ramezani, Rasoul","Wu, Jie",,,,
BUAN,6398,5U1,,21,1,,2,,1,,,,,,,,,,,,"Nguyen, Hien T","Wu, Jie",,,,
BUAN,6398,SU1,,3,1,4,,1,,,,,,,1,,,,,,"Ramezani, Rasoul",,,,,
BUAN,6398,SW1,,18,3,1,2,,,,,,,,,,,,,,"Nguyen, Hien T","Wu, Jie",,,,
BUAN,6V98,0U1,,,,,,,,,,,,,,,,,3,62,"Shekhar, Gaurav",,,,,
CE,3161,0W1,,4,5,5,3,1,,,,,,,,,,,,,"Mezenner, Rabah","Parchamdar, Baharealsadat",,,,
CE,3301,0U1,,2,1,1,1,1,,1,,1,2,,3,,,,,,"Tacca, Marco","Kim, Eunjin",,,,
CE,3303,0H1,2,1,1,1,5,4,2,2,1,,,,2,,,,,,"Kehtarnavaz, Nasser","Karbalayghareh, Mehdi",,,,
CE,3311,5U1,3,,3,6,3,2,1,1,,,,,,,,,,,"Pourkamali Anaraki, Siavash","Han, Weijie",,,,
CE,4388,0U1,,14,,,,,,,,,,,,,,,,,"Tacca, Marco",,,,,
CE,4389,0U1,,9,,,2,,,,,,,,,,,,,,"Bhatia, Dinesh K","Parchamdar, Baharealsadat",,,,
CGS,3361,0W1,9,,2,1,,,,,,,,,,,,,,,"Hooge, Kimberley D",,,,,
CGS,4352,0W1,,6,3,4,5,,,1,,,,,,,,,,,"Kumar, Pushpa S","Allu, Sai Haneesh",,,,
CHEM,1111,1U1,5,4,,1,,1,,,,,1,,1,,,,,,"Sra, Amandeep K","Heidari, Sahar","Mortensen, Marie L",,,
CHEM,1112,1U1,4,6,1,1,4,,,2,,,,,,,,,,,"Abeykoon, Nimali C","Darwin, Cary","Sunga, Sean Alec Lois B",,,
CHEM,1112,1U2,1,6,3,1,3,2,,1,,,,,,,,,,,"Huang, Yu","Yamada, Kyohei","Howlett, Thomas S",,,
CHEM,1311,0U1,4,3,5,5,3,5,4,1,,3,1,1,6,,,,,,"Sra, Amandeep K","Giri, Sachin","Kumari, Sneha",,,
CHEM,1312,0U1,2,12,4,10,6,5,9,9,11,2,5,5,9,,3,,,,"Huang, Yu","Sheybani, Simin","Firouzi, Hamid Reza",,,
CHEM,2323,0U1,8,16,1,1,9,8,5,9,4,5,1,,8,,,,,,"Tran, Daniel N",,,,,
CHEM,2325,0U1,5,3,2,2,4,3,1,2,3,,4,,3,,,,,,"Sibert, John W",,,,,
CHEM,8V91,008,,,,,,,,,,,,,,,1,,,9,"Balkus, Kenneth J",,,,,
CHEM,8V91,024,,,,,,,,,,,,,,,,,,12,"Stefan, Mihaela C",,,,,
CHEM,8V91,039,,,,,,,,,,,,,,,,,,11,"Meloni, Gabriele",,,,,
CHEM,8V91,042,,,,,,,,,,,,,,,,,,11,"Gevorgyan, Vladimir",,,,,
CLDP,3342,0W1,,22,,,1,,,,,,,,,,,,,,"Bonner, Deborah","Redig, Samantha L","Williams, Denise D",,,
CLDP,4344,0W1,,6,8,1,4,1,1,1,2,,,,,,,,,,"Hunsley, Jana","Li, Yue",,,,
COMD,5340,0U1,,20,,,,,,,,,,,,,,,,,"Neale, Hannah D","Denicola-Prechtl, Kathleen M",,,,
COMD,6111,0W1,,,,,,,,,,,,,,,,,,12,"Aldridge, Michelle A",,,,,
COMD,6112,0W1,,,,,,,,,,,,,,,,,,19,"Walsh, Diane G",,,,,
COMD,6320,0U1,,13,,,2,,,,,,,,,,,,,,"Carter, Jessica A","Smith, Irma E",,,,
COMD,6330,005,,,,,,,,,,,,,,,,,,10,"Raiff, Amy M",,,,,
COMD,6330,042,,,,,,,,,,,,,,,,,,10,"Raiff, Amy M",,,,,
COMD,7303,0U1,,96,,,16,,,1,,,,,,,,,,,"Dean, Lucinda L","Kenedi, A Helen I",,,,
COMD,7345,0U1,,25,,,5,,,,,,,,,,,,,,"Cook, Lori G",,,,,
COMD,7V68,0U1,,36,,,,,,,,,,,,,,,,,"Sale, Felicity F",,,,,
COMD,7V86,0U1,,25,,,,,,,,,,,,,,,,,"Rich, Judith B",,,,,
COMD,7V86,0U2,,19,,,1,,,,,,,,,,,,,,"Gollis, Christina R",,,,,
COMD,7V89,0U1,,13,,,,,,,,,,,,,,,,,"Walsh, Diane G",,,,,
COMM,1311,0H2,5,9,2,,1,,,,,,,,,,,,,,"Tanner, Lari J",,,,,
COMM,1311,0W1,2,1,2,4,2,,2,,,,,,,,1,,,,"Nash, Michelle A",,,,,
COMM,1311,0W2,8,6,,,1,,1,,,,1,,1,,,,,,"Saenz, Michael A",,,,,
COMM,1315,0W1,4,,2,1,2,1,1,2,,,,1,4,,,,1,,"Skiles, Bradley W",,,,,
COMM,1315,0W2,8,5,,1,1,,,,,,,,,,,,,,"Cannon, Charles",,,,,
COMM,1315,0W3,,,3,3,2,,2,2,,,,,1,,,,,,"Bromberg, Mike",,,,,
COMM,3342,0S1,6,1,,2,2,1,1,,,,,,,,,,,,"King, Carie S",,,,,
COMM,3352,0W1,6,8,1,,,,1,,1,,1,,,,,,,,"Johnson, Janet L",,,,,
CRIM,1301,0U1,,4,2,1,1,1,,1,,,1,,,,,,,,"Escobedo, Allison E","Wang, Wenyi",,,,
CRIM,1307,0U1,1,6,1,6,2,1,,,,,,,,,,,,,"Geibler, Robert","Wang, Wenyi",,,,
CRIM,3301,0W1,5,10,7,1,5,2,2,1,1,1,,,1,,,,1,,"Manuel, Samantha A","Islam, Mohammad Touhidul",,,,
CRIM,3302,0W1,,3,,4,1,,1,3,,,,,,,,,,,"Rodriguez, Diana C","Hong, Sunmin",,,,
CRWT,2301,0W1,5,3,,,1,,,,,,,1,3,,,,,,"Brazeal Garza, Lauren E",,,,,
CRWT,3354,5W2,,3,5,1,1,,,,,,,,,,,,,,"Goldberg, Paula",,,,,
CS,1134,1U1,11,7,1,1,1,,,,,,,,,,,,,,"Nagar, Anurag","Bhardwaj, Ayush",,,,
CS,1136,1U1,7,3,1,3,1,1,2,,,,2,,1,,,,,,"Gupta, Neeraj K","Guo, Hung-Jui","Birashk, Amin",,,
CS,1325,0U1,3,,2,3,7,5,2,3,,,1,1,,,,,,,"Paulk, Mark C","Hossen, Md Helal",,,,
CS,1334,0U1,10,7,4,4,1,,,,,,,,,,1,,,,"Nagar, Anurag","Lee, Jaeseong",,,,
CS,1335,5U1,8,5,5,2,2,,,,1,,,,,,,,,,"Erbatur, Serdar","Bansal, Rishita",,,,
CS,1336,0U1,3,2,1,1,6,2,6,1,,2,,,2,,,,,,"Gupta, Neeraj K","Birashk, Amin",,,,
CS,1337,0U1,3,5,3,6,10,5,2,,,,,,,,,,,,"Dollinger, Scott M","Kushwaha, Saksham Singh",,,,
CS,1337,5U1,2,7,,3,3,1,,,2,,,,3,,,,,,"Gupta, Neeraj K","Khargonkar, Ninad Arun",,,,
CS,2305,5U1,1,10,6,5,6,3,1,,2,1,,,,,,,,,"Davis, Chris I","Cai, Yuchen",,,,
CS,2336,0U1,,3,1,3,5,,1,,,,1,,,,,,1,,"Min, Richard K","Hossen, Md Helal",,,,
CS,2336,5U1,4,2,7,1,4,4,2,1,1,,1,,,,,,,,"Khan, Kamran Z","Mahmud, Saif Uddin","Rong, Xiaokai",,,
CS,2340,0U1,10,3,4,3,1,1,3,1,1,,3,,3,,,,,,"Karami, Gity","Rathnasuriya, Ravishka S",,,,
CS,2340,0U2,3,,3,,,3,1,2,,1,,,2,,,,,,"Zhao, Yi","Rathnasuriya, Ravishka S",,,,
CS,3305,0U1,1,5,2,6,2,1,1,,,,,,1,,,,,,"Davis, Chris I","Hatfield, Cody R",,,,
CS,3305,0W1,1,4,3,1,4,,,3,,,,,,,,,,,"Farage, Timothy P","Cai, Yuchen",,,,
CS,3305,0W2,3,17,6,8,5,,,,,,1,,,,,,,,"Farage, Timothy P","Rong, Xiaokai",,,,
CS,3341,0U1,,1,1,2,4,3,,4,3,2,2,3,1,,,,,,"Guo, Huizhen","Goel, Jaidev",,,,
CS,3345,0U1,1,5,3,2,,2,1,,3,,,,1,,,,,,"Zhao, Yi","Khargonkar, Ninad Arun",,,,
CS,3354,0U1,1,2,1,6,4,4,3,2,2,1,3,,,,,,,,"Paulk, Mark C","Guo, Hung-Jui",,,,
CS,3377,0U1,3,8,11,3,5,2,3,2,,1,,,,,,,,,"Karami, Gity",Jishnu J,,,,
CS,4141,6U1,4,6,1,3,1,,,,,,,,2,,,,,,"Nguyen, Nhut","Song, Zihe",,,,
CS,4141,6U2,7,8,2,,,1,,,,,,,,,,,,,"Nguyen, Nhut","Song, Zihe",,,,
CS,4337,0U1,7,3,6,2,4,,2,3,,3,3,,,,,,,,"Omer, Jalal S","Mahmud, Saif Uddin",,,,
CS,4341,0U1,4,3,2,5,6,3,,5,5,,,4,,,,,,,"Nguyen, Nhut","Omidi, Zahra",,,,
CS,4347,0U1,9,3,,3,4,1,1,2,,1,,,1,,,,,,"Omer, Jalal S","Wang, Zilong",,,,
CS,4347,0U2,2,10,6,1,9,,,2,,,,,,,,,1,,"Khan, Kamran Z","Singhal, Yatharth","Wang, Zilong",,,
CS,4348,0U1,,4,6,2,3,3,,,1,,,,1,,,,,,"Mittal, Neeraj","Hatfield, Cody R",,,,
CS,4348,0U2,,1,3,4,10,2,1,1,3,,1,,1,,,,,,"Prakash, Ravi","Miao, Miao",,,,
CS,4349,0U1,3,6,1,3,5,2,2,3,,,,,,,,,,,"Chitturi, Bhadrachalam","Wang, Guanghua",,,,
CS,4352,0S1,15,1,,,,,,,,,,,,,,,,,"Orrick, Erika D",,,,,
CS,4352,0W1,2,7,9,7,3,1,1,,,,,,,,,,,,"Kumar, Pushpa S","Allu, Sai Haneesh",,,,
CS,4365,0U1,2,,7,5,3,8,8,3,,,,,,,,,,,"Min, Richard K","Jiang, Kai",,,,
CS,4375,5U1,5,10,10,3,10,,,5,2,1,2,,,,,,,,"Khan, Kamran Z","Liu, Ximeng",,,,
CS,4376,0U1,3,4,2,4,3,3,3,4,1,1,,1,,,,,,,"Chung, Lawrence","Li, Dongcheng",,,,
CS,4384,0U1,,6,5,8,10,4,2,,,,,,1,,,,,,"Erbatur, Serdar","Bansal, Rishita",,,,
CS,4384,0U2,1,5,5,4,5,4,3,1,4,,,,,,,,,,"Davis, Chris I","Singhal, Yatharth",,,,
CS,4390,0U1,,12,,1,2,7,3,3,3,,1,4,1,,,,,,"Nguyen, Nhut","Li, Congzhou",,,,
CS,5343,0U1,,4,,2,1,2,,2,,,,,,,,,,,"Gupta, Neeraj K","Amato, James C",,,,
CS,6301,0U1,,32,1,,,,,,,,,,,,,,,,"Thuraisingham, Bhavani M","Lee, Jaeseong",,,,
CS,6314,5U1,,24,8,3,,,,,,,,,,,,,,,"Karami, Gity","Birashk, Amin",,,,
CS,6350,0U1,,40,20,2,,,,,,,,,,,,,1,,"Nagar, Anurag","Su, Ke",,,,
CS,6359,0U1,,3,3,8,1,1,,,,,,,,,,,,,"Chung, Lawrence","Bhardwaj, Ayush",,,,
CS,6364,0U1,,9,1,2,3,2,,1,,,,,,,,,,,"Schweitzer, Haim","Mao, Wei",,,,
CS,6364,0U2,,12,3,3,5,3,1,,,,,,,,,,,,"Schweitzer, Haim","Mao, Wei",,,,
CS,6375,5U1,,22,9,1,2,,,,,,,,,,,,,,"Nagar, Anurag","Amato, James C",,,,
CS,6375,MU1,,7,3,,,,,,,,,,,,,,1,,"Nagar, Anurag",,,,,
CS,6378,0U1,,7,3,2,1,,,,,,,,1,,,,,,"Prakash, Ravi","Miao, Miao",,,,
CS,6385,0W1,,51,8,2,3,1,,,,,,,,,,,,,"Farago, Andras","Das, Souvik",,,,
ECON,2301,0U1,1,,,1,1,2,,2,2,,3,,1,,,,,,"Barua Soni, Prajyna P",,,,,
ECON,2302,5U1,,2,5,7,1,,2,1,1,,,,1,,,,,,"Lu, Yundi",,,,,
ECON,3381,0U1,1,6,3,1,4,1,1,1,,,,,,,,,,,"Grover, William C",,,,,
ECS,3390,051,3,2,4,1,,6,2,,,,,,,,,,,,"Glauser, Janece B",,,,,
ECS,3390,091,13,4,,,1,,,,,,,,1,,,,,,"Scally, Deborah A",,,,,
ECS,3390,0S1,14,,,1,1,,,,,,,,,,,,,,"Montgomery, Christina F",,,,,
ECS,3390,0W1,7,7,3,,,,,,,,,,,,,,,,"Johnson, Janet L",,,,,
ECS,3390,0W2,1,12,1,1,1,,,,1,,,,,,,,,,"Johnson, Janet L",,,,,
ECSC,3177,0U1,,,,,,,,,,,,,,23,,,,,"Stewart, Mary Ann C",,,,,
ECSC,4378,0U1,,10,,,,,,,,,,,,,,,,,"Stewart, Mary Ann C",,,,,
ECSC,5177,0U1,,,,,,,,,,,,,,,,,1,195,"Stewart, Mary Ann C",,,,,
ECSC,5179,0U1,,,,,,,,,,,,,,,,,,83,"Stewart, Mary Ann C",,,,,
EE,3161,0W1,1,3,3,3,,,1,,,,,,,,,,,,"Mezenner, Rabah","Parchamdar, Baharealsadat",,,,
EE,3202,0U1,,2,4,1,1,2,1,,,,,,1,,,,,,"Kiasaleh, Kamran","Tayeb Naimi, Shideh","Uddin, Mohammed Belal",,,
EE,3301,0U1,1,,1,2,2,2,,1,1,,,,,,,,,,"Tacca, Marco","Kim, Eunjin",,,,
EE,3311,5U1,1,3,5,5,,,1,,1,,,,,,,,,,"Pourkamali Anaraki, Siavash","Han, Weijie",,,,
EE,4203,0H1,3,1,,1,3,2,1,1,,,,1,,,,,,,"Kehtarnavaz, Nasser","Alam, Lamia",,,,
EE,4389,0U1,,10,,,5,,,,,,,,,,,,,,"Bhatia, Dinesh K","Parchamdar, Baharealsadat",,,,
EEMF,6372,5U1,,6,2,3,1,,,,,,,,,,,,,,"Tinker, Mark T",,,,,
EEOP,6314,0H1,,13,3,,,,,,,,,,,,,,,,"Tamil, Lakshman S",,,,,
ENGR,2300,0W1,1,7,,2,4,1,3,2,2,,,,5,,,,,,"Akin, Bilal","Jena, Sritam",,,,
ENGR,3300,0U1,2,11,2,3,4,3,5,13,,,1,,,,,,,,"Ali, Mohammed Z","Ahmed, Sabrina",,,,
ENGR,3341,0U1,1,3,1,1,2,,,,1,,1,,,,,,,,"Fonseka, John P","Peng, Genchang",,,,
ENTP,3301,0U1,2,6,7,9,6,3,,,,,1,,,,,,,,"Nichols, Paul M",,,,,
ENTP,6370,0W1,,7,11,12,13,2,,1,,,,,1,,,,,,"Kimzey, Jackie R","Shen, Jia",,,,
EPPS,2302,0W1,,3,3,1,2,1,,,,,,,,,,,,,"Yoon, Youngseok",,,,,
EPPS,7V81,051,,12,,,,,,,,,,,,,,,,,"Ho, Ka-Yiu",,,,,
FILM,1303,051,2,5,3,,,,,,,,,,,,,,,,"Shafek, Amal S","Khoshniat, Ahmad",,,,
FILM,1303,0W1,7,3,6,4,4,,,,1,,1,,1,,,,,,"Almroani, Nouf Mfdhi H",,,,,
FILM,2332,091,,2,1,3,4,2,,3,2,,2,1,1,,,,,,"Prakash, Arya",,,,,
FIN,3300,0W1,,15,,,13,,,6,,,1,,2,,,,,,"Lynch, Julie","Hamzeh, Alireza",,,,
FIN,3320,0U2,,10,8,,8,,,4,,,,,,,,,,,"Wen, Yaxin",,,,,
FIN,3320,0W1,2,11,5,8,7,3,2,3,1,1,,,,,,,,,"Manzi, Jeff",,,,,
FIN,3320,0W2,1,10,1,5,7,4,3,3,6,,,,3,,,,,,"Manzi, Jeff",,,,,
FIN,3360,0W1,,9,7,8,11,3,1,2,1,,,,,,,,1,,"Pedigo, Madison F",,,,,
FIN,3365,0W1,2,6,3,6,10,2,1,2,1,,,,1,,,,,,"DeCourcy, George A",,,,,
FIN,3390,0U1,5,3,5,1,4,3,2,1,4,2,2,7,1,,,,,,"El-Ashmawi, Amal H",,,,,
FIN,4080,091,,,,,,,,,,,,,,38,,2,,,"Nishi, Hirofumi",,,,,
FIN,4080,0U1,,,,,,,,,,,,,,34,,,,,"Nishi, Hirofumi",,,,,
FIN,4300,0U1,3,,1,3,5,4,3,5,1,,,,,,,,,,"Oyima-Antseleve, Ndackyssa",,,,,
FIN,4310,0U1,1,2,3,5,2,2,3,1,,,,,,,,,,,"He, Jianyao",,,,,
FIN,4380,0U1,1,6,3,2,,,,1,,,,,,,,,,,"Ballew, Gregory",,,,,
FIN,6301,0W1,,9,6,4,7,3,7,3,,,,,3,,,,3,,"Nishi, Hirofumi","Kurucak, Abdurrahman",,,,
FIN,6301,AW1,,7,1,1,1,,,,,,,,1,,,,,,"Minch, Lauren",,,,,
FIN,6301,CW1,,27,8,,1,,,2,,,,,1,,,,,,"Minch, Lauren",,,,,
FIN,6301,XU1,,18,2,3,,,,,,,,,,,,,,,"Reichert, Carolyn A",,,,,
FIN,6308,0W1,,7,,4,6,1,,,,,,,,,,,1,,"Lewin, Peter",,,,,
FIN,6322,0W1,,13,6,6,14,,2,1,,,,,,,,,,,"DeCourcy, George A",,,,,
FIN,6352,5U1,,6,5,5,1,1,1,1,,,,,,,,,1,,"Davis, Richard L",,,,,
FIN,6353,0W1,,3,3,2,2,1,1,,,,,,1,,,,1,,"Baranchuk, Nina","Hamzeh, Alireza",,,,
FIN,4V80,593,,,,,,,,,,,,,,27,,,,,"Nishi, Hirofumi",,,,,
FIN,4V80,0U3,,,,,,,,,,,,,,24,,,,,"Nishi, Hirofumi",,,,,
FIN,6V98,0U1,,,,,,,,,,,,,,,,,,51,"Reichert, Carolyn A",,,,,
FTEC,6311,FH2,,1,2,,1,3,,,,,,,3,,,,,,"Scott, James",,,,,
GEOS,1303,0W1,3,18,14,4,1,,,,,,,,,,,,,,"Griffin, William R","Walker, Sara C",,,,
GOVT,2305,0U1,2,1,1,1,,3,1,,1,,,1,1,,,,,,"Khan, Humza",,,,,
GOVT,2305,0U2,6,10,5,1,2,,3,,,,,,,,,,,,"Widner, Katie",,,,,
GOVT,2306,0U1,,16,4,2,1,,,,,,,,1,,,,,,"Islam, Maria",,,,,
GOVT,2306,0U2,,14,5,3,9,4,1,5,5,1,,1,1,,,,,,"Eaton, John M",,,,,
HDCD,6370,0H1,,12,,,,,,,,,,,,,,,,,"Tsai, En Chia A",,,,,
HDCD,6385,0W1,,11,,,,,,,,,,,,,,,,,"Hunsley, Jana",,,,,
HIST,1301,0W1,7,16,8,,1,1,3,,1,,,,1,,,,,,"Seidl-Staley, Ash J",,,,,
HIST,1301,0W2,2,16,1,2,5,1,,2,1,,,,2,,,,,,"Pettengill, Ryan S",,,,,
HIST,1302,0W1,5,15,34,34,30,14,8,3,8,1,3,,10,,,,,,"Schulze, Jeffrey M","Akhighu, Odegua M","Tijani, Kehinde O","Li, Ang",,
HIST,4344,0W1,5,3,3,5,1,,,1,,,,,2,,1,,,,"Pfister, Debra H",,,,,
HIST,4378,0W1,4,16,,2,1,,,,,,,,,,,,,,"Pettengill, Ryan S",,,,,
HLTH,1301,0W1,,2,2,2,3,2,,,,2,,1,3,,,,,,"Baetge, Claire",,,,,
HLTH,3300,0U1,,,5,3,6,6,6,3,5,,1,,,,,,,,"Byrnes, Kathleen A",,,,,
HLTH,4304,0U1,,20,5,2,,1,,1,,,,,,,,,,,"Byrnes, Kathleen A",,,,,
HMGT,3301,0U1,2,2,2,2,5,4,1,1,,1,,,,,,,,,"Robb, Horace A",,,,,
HMGT,4090,091,,,,,,,,,,,,,,16,,1,,,"Tesmer, Kristin M",,,,,
HMGT,4090,0U1,,,,,,,,,,,,,,10,,,,,"Tesmer, Kristin M",,,,,
HMGT,6321,CH1,,20,,,,,,,,,,,,,,,,,"Ghosh, Anne F",,,,,
HMGT,6325,0W1,,19,,,,,,,,,,,,,,,,,"Stephens, Timothy G",,,,,
HMGT,6331,5U1,,28,,,2,,,,,,,,,,,,,,"Malaise, Michael",,,,,
HMGT,6332,5U1,,5,5,14,3,2,2,1,,,,,1,,,,,,"Ramanathan, Kannan",,,,,
HMGT,6403,AH6,,20,1,,1,,,,,,,,,,,,,,"Kaiser, Robert C","Mccracken, John F",,,,
HMGT,6403,AS1,,34,,,,,,,,,,,,,,,,,"Mccracken, John F","Taylor, Donald E",,,,
HMGT,6410,AS1,,43,,,,,,,,,,,,,,,,,"Taylor, Donald E","Convery, Paul",,,,
HMGT,4V90,0U3,,,,,,,,,,,,,,11,,,,,"Tesmer, Kristin M",,,,,
IMS,3310,0U1,,5,2,2,10,1,4,4,1,,,,1,,,,,,"Henderson, Thomas C",,,,,
IMS,3310,5W1,,16,1,8,12,,2,7,,1,1,,,,,,,,"Henderson, Thomas C",,,,,
IMS,6304,AW1,,9,,,10,,,,,,,,,,,,1,,"Petrik, Peter",,,,,
IMS,6316,GW1,,4,12,5,8,3,,,,,,,,,,,,,"Peinhardt, Clint W",,,,,
IMS,6354,GW1,,2,3,2,5,,,,,,,,,,,,,,"Reichmuth, Gary",,,,,
IMS,6360,0W1,,20,18,11,14,3,1,1,,,,,,,,,1,,"Skuza, Agnieszka","Shen, Jia",,,,
IMS,6365,0W1,,10,9,9,9,2,,1,,,,,,,,,,,"Woldu, Habte G","Lin, Tzu-Ying",,,,
ISIS,3335,0W1,2,3,8,2,4,2,1,,,,,,,,,,,,"Rosa, Jonathan",,,,,
ISNS,2359,0W1,66,6,10,5,5,4,2,1,3,,,,2,,,,,,"Pujana, Ignacio",,,,,
ISNS,2367,0W1,25,25,7,6,2,,1,,1,,,,2,,,,,,"Pujana, Ignacio",,,,,
ISNS,2367,0W2,10,10,2,5,5,1,,,1,,,,2,,,,,,"Pujana, Ignacio",,,,,
ITSS,3300,5U1,,15,3,9,6,3,2,3,4,3,2,1,,,,,,,"Owens, Sean M","Nalamothu, Sudheerbabu","Owens, Dawn M",,,
ITSS,3311,5U1,,4,4,6,5,4,3,1,2,1,,2,,,,,,,"Maru, Vatsal K","Zhang, Hong",,,,
ITSS,3390,5U1,,2,1,,2,3,1,,,,,2,2,,,,,,"Neal, Angela","Satao, Dipak V",,,,
ITSS,4090,091,,,,,,,,,,,,,,82,,,,,"Stephens, Timothy G",,,,,
ITSS,4090,0U1,,,,,,,,,,,,,,74,,,,,"Stephens, Timothy G",,,,,
ITSS,4300,5U1,3,5,12,6,7,4,1,1,1,,1,,1,,,,,,"Aria, Reza","Kumar, Sahejbir Singh",,,,
ITSS,4330,5U1,,1,1,6,7,5,2,1,1,,1,1,,,,,,,"Khan, Taimur A","Liu, Yihong",,,,
ITSS,4340,0U1,,1,1,,7,4,2,3,1,,,,,,,,,,"Thompson, Luell O",,,,,
ITSS,4351,5U1,,,7,6,6,2,3,1,,,,,,,,,,,"Pandian, Thiru","Mallipeddi, Srinaga Mouneeswar",,,,
ITSS,4352,5U1,,2,8,1,3,3,1,,,,,,1,,,,,,"Neal, Angela","Satao, Dipak V",,,,
ITSS,4360,5U1,2,2,3,2,1,2,2,1,1,,,,,,,,,,"Ginevich, Rostislav A",,,,,
ITSS,4370,5U1,,2,3,10,18,6,4,2,1,,2,1,,,,,,,"Young, John G",,,,,
ITSS,4381,5U1,,11,9,9,9,3,2,1,2,1,,,1,,,,,,"Maru, Vatsal K","Satao, Dipak V",,,,
ITSS,4V90,593,,,,,,,,,,,,,,21,,,,,"Stephens, Timothy G",,,,,
ITSS,4V90,0U3,,,,,,,,,,,,,,50,,,,,"Stephens, Timothy G",,,,,
LANG,3348,0S1,2,5,3,1,2,,,,,,,,,,,,,,"Hoki, Chieko",,,,,
LIT,1301,0W1,16,5,2,3,2,,4,,,,,,,,,,,,"Ingrao, Peter J",,,,,
LIT,2331,0W1,3,8,4,1,,,,1,,,,,,,,,,,"Johnson, Kevin W",,,,,
LIT,3319,0W1,11,3,1,1,,,,,,,,,,,,,,,"Ingrao, Peter J",,,,,
LIT,4329,0W1,4,,2,1,1,,1,1,,,,,2,,,,,,"Walker, Jason A",,,,,
MAS,6009,0U1,,,,,,,,,,,,,,,,,,15,"Widdifield, David S","Fierst, John",,,,
MAS,6102,051,,,,,,,,,,,,,,,,,,28,"Robb, Horace A","Cirilo, Jason M","Wang, Jiyu",,,
MAS,6V98,0U1,,,,,,,,,,,,,,,,,,32,"Widdifield, David S","Fierst, John",,,,
MATH,1314,0U1,,1,2,2,1,2,,,1,,,1,2,,,,1,,"Alvarado, Iris","Billah, Misha",,,,
MATH,1325,0U1,3,5,1,2,6,,4,,,,1,,2,,,,,,"Patel, Jigarkumar S","Babu, Ivin",,,,
MATH,1325,5U1,,,3,,1,3,1,2,2,,,1,1,,,,1,,"Liu, Runzhou","Rakotovao, Minosoa Valerie Emmanuellah",,,,
MATH,1326,0U1,,,4,1,2,,2,,1,1,,3,,,,,,,"Mussa, Derege H","Nuwagira, Brighton",,,,
MATH,1326,0U2,3,4,,4,,3,,1,,,,,2,,,,,,"Duruoha, Adannah","Oyekan, Oluwadamilola A",,,,
MATH,2413,0S1,2,1,,1,1,,,,2,,1,,2,,,,,,"Nguyen, Mylinh T","Fatema, Saba","Yang, Haopeng",,,
MATH,2413,0U1,,1,,1,3,2,2,4,1,1,2,1,7,,,,,,"Aman, Kelly C","Das, Richik","Guan, Ruofei","Chen, Huiyi","Sitaula, Hari P",
MATH,2413,0U2,1,,,1,,1,2,2,1,,,,2,,,,,,"Nguyen, Mylinh T","Aman, Kelly C","Guan, Ruofei","Das, Richik","Chen, Huiyi","Sitaula, Hari P"
MATH,2414,0U1,1,3,2,1,4,1,3,4,3,,3,,3,,,,1,,"Ahsan, Mohammad K",,,,,
MATH,2414,0U2,1,,2,3,3,4,1,3,3,3,2,,6,,,,2,,"Ahsan, Mohammad K",,,,,
MATH,2415,0U1,1,1,3,1,7,1,,1,,,2,,,,,,,,"Dahal, Rabin",,,,,
MATH,2415,0U2,,7,2,1,2,,2,1,,,,1,,,,,,,"Dahal, Rabin",,,,,
MATH,2417,0U1,,1,2,2,2,3,2,1,2,1,,1,4,,,,,,"Sultana, Nasrin","Sarkar, Soham","Cao, Jianpeng",,,
MATH,2418,0U1,8,1,,,,1,,1,1,2,1,,1,,,,,,"Murza, Adrian C","Smith, Jared","Mrad, Preskella","Ghanem, Ziad G","Harikumar, Rohin","Williams, Matthew A"
MATH,2418,0U2,6,2,1,3,1,2,3,1,4,1,,,3,,,,,,"Ramakrishna, Viswanath","Ghanem, Ziad G","Mrad, Preskella","Smith, Jared","Williams, Matthew A","Harikumar, Rohin"
MATH,2419,0U1,,3,,,,,,4,10,,,,,,,,,,"Eydelzon, Anatoly","Zhen, Zhiwei","Mitra, Arnaja","Zagvozdkin, Andrei",,
MATH,2420,0U1,2,2,1,1,1,5,1,2,3,,2,,,,,,,,"Makarenkov, Oleg","Malhotra, Sakshi","Sechkin, Georgii",,,
MATH,3351,0U1,3,2,,,1,2,1,1,1,,1,,1,,,,,,"Ramakrishna, Viswanath","Murad, Mohammad Hassan",,,,
MECH,2310,051,1,3,2,1,2,1,1,,,,,1,,,,,,,"Thamban, P L Stephan",,,,,
MECH,2330,051,2,3,4,2,2,,,2,4,,1,,,,,,,,"Thamban, P L Stephan",,,,,
MECH,3105,1W1,8,4,2,2,2,3,3,1,,1,1,,1,,,,,,"Rios, Oziel",,,,,
MECH,3305,0W1,3,4,5,7,5,2,,1,1,,1,,1,,,,,,"Rios, Oziel",,,,,
MECH,3310,051,,7,,1,,,1,,,,,1,,,,,,,"Anderson, William C",,,,,
MECH,3315,0U1,,2,6,7,1,4,1,1,,,,,,,,,,,"Leonardi, Stefano",,,,,
MECH,3320,0W1,1,4,5,,8,6,5,2,4,,1,,,,,,,,"Fadda, Dani Z",,,,,
MECH,3340,0U1,1,5,3,4,4,5,2,1,,,1,,,,,,,,"Park, Wooram",,,,,
MECH,3350,0W1,2,5,3,1,1,,,,1,1,1,,,,,,,,"Rios, Oziel",,,,,
MECH,3351,0U1,1,1,3,1,3,1,2,,,1,,,,,,,,,"Patel, Apurva R",,,,,
MECH,4340,0U1,1,2,3,1,2,,1,1,,,,,,,,,,,"Park, Wooram",,,,,
MECH,4381,0U1,,4,2,7,5,,,1,,,,,,,,,,,"Hart, Robert A","Tjahjono, Nathaniel S",,,,
MECH,4382,0U1,,6,,,8,7,6,4,,,,,,,,,,,"Summers, Joshua D","Patel, Apurva R",,,,
MECH,4V95,0W1,,4,,,6,,,14,1,,,,1,,,,,,"Summers, Joshua D",,,,,
MECO,6303,0W1,,11,9,2,14,3,3,1,,,,,,,,,,,"Lewin, Peter",,,,,
MECO,6303,AW1,,18,4,2,,,,,,,,,,,,,,,"Kiser, Stephen L",,,,,
MIS,6009,091,,,,,,,,,,,,,,,,,,20,"Thouin, Mark F",,,,,
MIS,6009,0U1,,,,,,,,,,,,,,,,,3,133,"Thouin, Mark F",,,,,
MIS,6308,0W1,,18,16,9,12,1,,2,,,,,,,1,,,,"Raghunathan, Srinivasan","Yan, Zhen",,,,
MIS,6308,5U1,,14,1,,1,,,,,,,,,,,,,,"Sivaramakrishnan, Sriram","Zhang, Hong",,,,
MIS,6313,0W1,,29,8,9,6,3,1,3,,,,,1,,,,,,"Hefley, William E","Sun, Kai",,,,
MIS,6313,5U1,,2,6,4,4,2,,,,,,,,,,,,,"Shroff, Tejas N",,,,,
MIS,6313,GW1,,13,3,5,3,,,,,,,,,,,,,,"Wiant, Russell",,,,,
MIS,6313,GW2,,10,5,7,4,,,,,,,,,,,,1,,"Wiant, Russell",,,,,
MIS,6326,0W1,,4,4,3,1,,,,,,,,,,,,,,"Ryu, Young U","Yan, Zhen",,,,
MIS,6330,5U1,,,11,2,1,3,,1,,,,,,,,,,,"Shroff, Tejas N",,,,,
MIS,6344,0W1,,3,8,,1,,,2,,,,,2,,,,,,"Mehra, Amit","Xie, Si",,,,
MIS,6346,5U1,,9,10,2,1,,,,,,,,,,,,,,"El-khodari, Gasan E","Mallipeddi, Srinaga Mouneeswar",,,,
MIS,6349,0U1,,4,4,5,1,1,,,,,,,,,,,,,"Short, Kevin P","Zhang, Hong",,,,
MIS,6363,0W1,,29,8,6,8,1,1,1,,,,,,,,,2,,"Calisir, Engin","Kumar, Sahejbir Singh",,,,
MIS,6363,0W2,,22,6,7,3,1,1,3,,,,,,,,,,,"Calisir, Engin","Kumar, Sahejbir Singh",,,,
MIS,6363,SW1,,3,6,8,1,,,,,,,,,,,,,,"Raheem, Abdul",,,,,
MIS,6380,0U1,,9,8,6,1,4,1,,,,,,,,,,,,"Islam, Naser","Nalamothu, Sudheerbabu",,,,
MIS,6393,0U1,,14,3,1,,,,,,,,,,,,,,,"Gondhalekar, Vasant","Sun, Kai",,,,
MIS,6V98,0U1,,,,,,,,,,,,,,,,,,61,"Thouin, Mark F",,,,,
MKT,3300,0U2,7,2,2,4,2,1,,,,,,,,,,,,,"Roshangarzadeh, Reza",,,,,
MKT,3300,0W1,,10,14,7,7,7,1,,,,,,2,,,,,,"Pahwa, Parneet","Wang, Lingbo",,,,
MKT,3330,5U1,,11,3,,,2,,1,,,,,,,,,,,"Baig, Muhammad J",,,,,
MKT,4090,091,,,,,,,,,,,,,,24,,,,,"Haworth, Julie B",,,,,
MKT,4090,0U1,,,,,,,,,,,,,,16,,,,,"Haworth, Julie B",,,,,
MKT,4330,0W1,2,9,5,10,6,4,,2,2,,1,,,,,,,,"Edsel, Alexander D",,,,,
MKT,4334,5U1,3,4,7,3,1,,,,,,,,,,,,,,"Johnson, Quincy",,,,,
MKT,4360,5U1,,5,35,6,1,,,1,,,,,,,,,,,"Albrecht, Maria",,,,,
MKT,6301,0W1,,14,9,7,17,8,,1,,,,,,,,,,,"Pahwa, Parneet","Wang, Lingbo",,,,
MKT,6301,MBP,,10,1,9,5,1,1,,,,,,,,,,,,"Rajaratnam, Daniel",,,,,
MKT,6301,XU1,,10,6,7,,,,,,,,,,,,,,,"Reichmuth, Gary",,,,,
MKT,6309,0W1,,1,4,4,10,,2,,,,,,,,,,2,,"Rajaratnam, Daniel",,,,,
MKT,6321,0W1,,14,2,4,7,1,1,1,,,,,,,,,1,,"Edsel, Alexander D",,,,,
MKT,6332,0W1,,4,8,6,6,2,,1,,,,,,,,,,,"Biswas, Abhijit",,,,,
MKT,6336,0W1,,5,2,3,3,,,,,,,,,,,,,,"Rao, Ram C",,,,,
MKT,6339,0W1,,,1,5,6,1,2,,,,,,,,,,,,"Rajaratnam, Daniel",,,,,
MKT,6352,0W1,,9,2,4,10,3,3,2,,,,,2,,,,1,,"Tirone, Guido",,,,,
MKT,4V90,593,,,,,,,,,,,,,,18,,,,,"Haworth, Julie B",,,,,
MKT,4V90,0U3,,,,,,,,,,,,,,17,,,,,"Haworth, Julie B",,,,,
MKT,6V98,0U1,,,,,,,,,,,,,,,,,,31,"Edsel, Alexander D",,,,,
MUSI,1306,0W1,7,10,2,2,3,2,2,1,1,,,,,,,,,,"Rushing, Katrina C","Zhang, Yan",,,,
MUSI,1306,0W2,5,9,,2,5,,2,1,,,4,,1,,,,,,"Bennett, Rodger",,,,,
MUSI,2317,0U1,2,5,3,1,,,,,,,,,,,,,,,"Oh, Domi",,,,,
NSC,3361,0U1,,1,2,3,1,3,1,,,,,,3,,,,,,"McWilliams, Steven P",,,,,
NSC,3361,0U2,1,1,1,,1,,2,1,2,,1,,,,,,,,"Taylor, Anna M",,,,,
NSC,3361,0U3,3,5,7,1,2,2,3,4,,,1,,6,,,,1,,"LaDow, Eva S",,,,,
NSC,4351,0W1,,42,1,,,,,,,,,,,,,,,,"Shareef, Safi Ullah","West, Reyanne M","Hu, Ya-Yu",,,
NSC,4352,0U1,1,3,5,2,,3,,,,,,,,,,,,,"Raboune, Siham",,,,,
NSC,4366,0U1,1,3,2,,,2,1,1,,,1,,,,,,,,"Taylor, Anna M",,,,,
OB,6249,CW1,,17,,,3,,,,,,,,,,,,,,"Norton, Larry W",,,,,
OB,6253,CW1,,,,,,,,,,,,,,,,,,22,"Hicks, Robert F",,,,,
OB,6301,0W1,,23,19,3,3,2,1,,,,,,1,,,,,,"Hasenhuttl, Maria","Teschner, Ryan S",,,,
OB,6331,CW1,,23,3,,1,,,1,,,,,,,1,,,,"Hasenhuttl, Maria",,,,,
OB,6332,0W1,,30,,2,6,,,,,,,,,,,,,,"Ziegler, Laurie L","Liu, Yilin",,,,
OB,6332,5U1,,15,4,2,,1,,,,,,,,,,,,,"Ritchey, Kemberly A",,,,,
OB,6334,CW1,,8,6,6,3,,,,,,,,2,,,,,,"Latham, Van M",,,,,
OB,6344,CW1,,29,5,3,4,,,,,,,,1,,,,,,"Norton, Larry W",,,,,
OB,6348,CW1,,31,,,,,,,,,,,2,,,,,,"Plaisance Bryan, Suzette T","Narro, Amber",,,,
OB,6351,CW1,,10,5,3,1,1,,,,,,,,,,,1,,"Norton, Larry W",,,,,
OB,6352,CW1,,21,,1,,,,,,,,,,,,,,,"Norton, Larry W",,,,,
OB,6358,GW1,,10,,,,,,,,,,,,,,,,,"Thurgood, Keith L",,,,,
OB,6367,GW1,,10,1,,,,,,,,,,,,,,,,"Thurgood, Keith L",,,,,
OB,6382,CW1,,27,,,,,,,,,,,1,,,,,,"Plaisance Bryan, Suzette T","Narro, Amber",,,,
OB,6384,CW1,,17,2,,1,,,,,,,,,,,,,,"Honeycutt, James",,,,,
OB,6384,CW2,,22,4,1,1,,,,,,,,,,,,,,"Honeycutt, James",,,,,
OBHR,3310,0U1,2,3,12,3,2,2,,2,1,,,,,,,,,,"Guo, Nan",,,,,
OBHR,3330,5U1,5,6,11,,,1,,,1,,,,1,,,,,,"Albrecht, Dale J",,,,,
OBHR,4300,0W1,25,15,3,2,,,,3,,,,,1,,,,,,"Edgington, Kyle D",,,,,
OPRE,3310,0U1,1,1,,2,8,,1,6,,,1,,,,,,,,"Subramoniam, Ramesh","Zhang, Minmin",,,,
OPRE,3310,0U2,1,5,3,4,1,3,1,,,,,,1,,,,,,"Celik, Beyza",,,,,
OPRE,3310,5U1,16,4,10,5,11,2,2,2,,,,,,,,,2,,"Armaghan, Milad",,,,,
OPRE,3333,0W1,1,9,3,6,6,10,3,3,2,,,,3,,,,1,,"Enayaty Ahangar, Negin","Batra, Nirmanyu",,,,
OPRE,3333,0W2,3,15,3,3,6,6,1,2,1,,1,,3,,,,,,"Enayaty Ahangar, Negin","Batra, Nirmanyu",,,,
OPRE,3333,5U1,10,,,1,2,1,2,3,1,1,,,3,,,,,,"Whalen, Tristan G","Joshi, Trushil",,,,
OPRE,3360,0W1,17,10,5,9,9,3,1,2,1,,,,3,,,,,,"Ahadi, Khatereh","Wang, Zihan",,,,
OPRE,3360,5U1,9,2,1,5,3,3,2,6,5,4,1,3,3,,,,,,"Whalen, Tristan G","Joshi, Trushil",,,,
OPRE,4090,091,,,,,,,,,,,,,,10,,,,,"Brussolo, Monica E",,,,,
OPRE,6009,0U1,,,,,,,,,,,,,,,,,1,60,"Widdifield, David S","Fierst, John",,,,
OPRE,6301,0W1,,8,7,5,6,8,2,5,,,,,1,,,,2,,"Leach, Sonia E","Takasi, Venkanna Dora Goutham",,,,
OPRE,6302,0W1,,13,7,12,6,4,,,,,,,,,,,1,,"Dawande, Milind W","Takasi, Venkanna Dora Goutham",,,,
OPRE,6302,MBP,,19,7,,,,,,,,,,,,1,,,,"Subramoniam, Ramesh","Zhang, Minmin",,,,
OPRE,6332,5U1,,6,3,2,1,4,2,4,,,,,2,,,,,,"Ramanathan, Kannan",,,,,
OPRE,6379,PW1,,7,5,,,,,,,,,,,,,,,,"Rajamani, Divakar",,,,,
OPRE,4V90,0U3,,,,,,,,,,,,,,11,,,,,"Brussolo, Monica E",,,,,
OPRE,6V98,0U1,,,,,,,,,,,,,,,,,,30,"Fierst, John","Widdifield, David S",,,,
PA,3333,0W1,2,4,3,,2,1,,,,,,,1,,,,,,"Sharma, Namrta",,,,,
PA,6345,5U1,,11,,,1,,,,,,,,,,,,,,"Benavides, Abraham",,,,,
PA,6369,0W1,,16,3,,,,,,,,,,,,,,,,"Stocks, Dhriti P",,,,,
PA,8330,HN1,,46,,,,,,,,,,,,,,,1,,"Shute, William H","Chin, Michelle L",,,,
PA,8331,HN1,,30,11,2,,3,,,,,,,,,,,1,,"Chin, Michelle L","Kane, John","Aitken, Allison D","Gordon, Waverly","Portman, Stuart",
PA,8332,HN1,,,,,,,,,,,,,,,,,1,46,"Chin, Michelle L","Reinemeyer, Anneliese","Nugent, Mary",,,
PHIL,3328,0W1,,2,3,1,1,1,,1,,,,,1,,,,,,"Dennis, Patrick W",,,,,
PHIN,1120,0U1,,12,,,,,,,,,,,1,,,,,,"Gold, Terry",,,,,
PHYS,1301,0U1,3,4,6,2,3,,,2,,1,,1,,,,,,,"Khan, Amena L","Schussler, Joshua A","Lin, Manshuo",,,
PHYS,1302,0U1,,,2,2,2,,3,1,1,,,,,,,,,,"Malko, Anton","Ryan, Conor",,,,
PHYS,1302,0W1,3,12,4,5,6,,1,5,,,1,,,,,,,,"Sun, Kuei","Zhai, Zixin",,,,
PHYS,2125,1U1,2,12,,,,,,,,,,,,,,,,,"Sun, Kuei","Kajla, Rohit",,,,
PHYS,2125,1U2,2,12,,,,,,,,,,,,,,,,,"Sun, Kuei","Nguyen, Khoa",,,,
PHYS,2125,1U3,2,11,,,,,,,,,,,1,,,,,,"Sun, Kuei","Magadi Shivalingaiah, Meghraj","Khalid, Muhammad",,,
PHYS,2126,1U1,10,8,1,,,,,,,,,,,,,,,,"Mac Alevey, Paul J","Fluckey, Stephen P",,,,
PHYS,2126,1U3,2,19,,,1,,,,,,,,,,,,,,"Mac Alevey, Paul J","Ruwali, Shisir",,,,
PHYS,2126,1U4,,21,4,,,,,,,,,,,,,,,,"Mac Alevey, Paul J","Kakani, Vivek M",,,,
PHYS,2126,1U6,1,15,1,,,,,,,,,,,,,,,,"Mac Alevey, Paul J","Shrestha, Samyak",,,,
PHYS,2325,0H1,1,7,1,,7,1,,2,,1,1,1,,,,,,,"Slinker, Jason D","Seifi, Melodee O","Ali, Akbar",,,
PHYS,2325,0H2,1,2,1,2,3,2,1,2,,,,,1,,,,,,"Ishak-Boushaki, Mustapha","Sooriyaarachchi, Vinu K",,,,
PHYS,2326,0U1,,12,12,6,7,5,5,,,,2,,,,,,,,"Gartstein, Yuri","Aker, Adam","Bera, Avijit",,,
PPOL,4312,0S2,6,10,,,,,,,,,,,,,,,,,"Boots, Denise P",,,,,
PPOL,4396,0S1,13,3,,,,,,,,,,,,,,,,,"Worrall, John L",,,,,
PPPE,8V97,056,,,,,,,,,,,,,,,,,,15,"Brunell, Thomas L",,,,,
PSCI,3303,0S1,2,11,3,,,,,,,,,,,,,,,,"Gray, Thomas R",,,,,
PSCI,4306,051,2,2,3,9,2,2,,,,,,,,,,,,,"Elmore, Naela",,,,,
PSCI,4332,0U1,,3,4,2,4,1,1,,,,,,,,,,,,"Noe, Ricardo",,,,,
PSCI,4357,0U1,9,4,6,5,2,1,1,,,,,,,,,,,,"Sanchez De La Rosa, Andres Ricardo",,,,,
PSCI,4396,091,4,10,1,3,,1,,,,,,,,,,,1,,"Heintze, Dagmar",,,,,
PSY,2301,0W1,,20,16,3,16,6,3,4,4,2,1,,6,,,,,,"Brody, Salena M","Gu, Pan",,,,
PSY,2317,0W1,,16,1,5,3,4,1,1,1,1,,,2,,,,,,"Fearon, Danielle","Behboudi, Mohammad Hossein",,,,
PSY,3310,0U1,6,11,2,3,1,,2,2,,,,,,,,,,,"Redig, Samantha L","Gholap, Neha P",,,,
PSY,3331,0W1,,36,6,3,2,5,1,1,3,,,,6,,,,,,"Brody, Salena M","Hsieh, Uan-Luen",,,,
PSY,3342,0W1,,39,,,6,,,1,,,,,,,,,,,"Bonner, Deborah","Redig, Samantha L","Williams, Denise D",,,
PSY,3361,0W1,58,9,6,1,1,2,2,1,,,,,3,,1,,,,"Hooge, Kimberley D",,,,,
PSY,3392,0U1,5,6,2,3,2,1,2,,1,1,,,2,,,,,,"Holmes, Melanie C","Sanchez, Patricia Monique",,,,
PSY,3393,0U1,2,1,5,2,3,1,1,,1,1,,,,,,,,,"Shirvani, Forouz","Bennett-Leleux, Lauren",,,,
PSY,3393,0W1,,11,3,9,9,1,3,1,,,,,,,,,1,,"Fearon, Danielle","Cortez, Jared I",,,,
PSY,4331,0U1,4,9,7,6,10,4,6,9,2,3,4,,,,,,,,"Poucher, Jesse W","Sierra, Francisco J",,,,
PSY,4343,0W1,32,28,9,7,6,,4,2,2,,,1,2,,,,1,,"Ybarra, Regina K","Kulkarni, Maitreyee",,,,
PSY,4343,0W2,24,11,7,3,2,,2,,2,,1,,3,,,,,,"Ybarra, Regina K","Carrico, Sara M",,,,
PSY,4344,0W1,,24,13,1,9,5,1,2,2,,,2,,,,,1,,"Hunsley, Jana","Li, Yue",,,,
PSY,4346,0W1,25,26,13,8,4,,,2,5,1,,,,,,,,,"Wilder, Siri","Latteri, Christopher W",,,,
PSY,4394,0U1,,,,,,,,,,,,,,15,,1,,,"Choate, Michael J",,,,,
PSY,4395,0U1,,,,,,,,,,,,,,16,1,,,,"Choate, Michael J",,,,,
REAL,6322,0W1,,5,6,1,,,,1,,,,,,,,,,,"DeCourcy, George A",,,,,
RHET,1302,051,6,1,2,2,,1,,,,1,,,2,,,,,,"Minzer, Karen",,,,,
RHET,1302,0S3,,4,1,4,1,,,,,,,,,,,,,,"Aljararwa, Rasha",,,,,
RHET,1302,0W1,,10,1,,2,1,,1,,,,,,,,,,,"Mathur, Shivika",,,,,
RHET,1302,0W2,,2,4,3,2,2,,,,,1,,3,,,,,,"Cox, Gavin L",,,,,
RHET,1302,0W3,1,5,4,1,1,2,1,,2,,,,,,,,,,"Walker, Jason A",,,,,
SE,4381,0U1,,3,3,8,7,8,3,3,,2,2,1,,,,,,,"Paulk, Mark C","Alsarra, Sultan M",,,,
SE,6388,MU1,,10,,,,,,,,,,,,,,,1,,"Zhao, Yi","Alsarra, Sultan M",,,,
SOC,1301,0U1,2,3,6,2,3,2,,1,1,,,,,,,,,,"Elsafadi, Hoda O",,,,,
SOC,2320,0S1,14,1,1,,,,,,,,,,,,,,,,"Lanham, Carol C",,,,,
SOC,4372,0W1,22,14,5,3,2,2,1,,,,,1,1,,,,,,"Dickey, Galen L",,,,,
SPAU,3341,0W1,,1,1,4,2,2,,1,,,,,,,,,,,"Fowler, Stephanie L",,,,,
SPAU,3342,0W1,,10,,,,,,,,,,,,,,,,,"Bonner, Deborah","Redig, Samantha L","Williams, Denise D",,,
SPAU,3343,0U1,1,4,3,,2,,,,,,,,1,,,,,,"Mehta, Sonya","Thomas, Abbey L",,,,
SPAU,3344,0U1,,2,2,2,4,,1,,,,,,,,,,,,"Shembel, Adrianna C","Camacho, Natalia S",,,,
STAT,2332,0U1,2,1,2,3,1,,2,,3,1,,1,1,,,,,,"Jiang, Shengjie","Kenney, John F",,,,
SYSM,6326,SU1,,13,3,3,,,,,,,,,,,,,,,"Koganti, Ramakrishna",,,,,
THEA,1310,051,,3,6,1,,,,,,,,,,,,,,,"Enyaosah, Damian P",,,,,
